No,Bentuk Pemanfaatan,Dimanfaatakan Untuk,Desa,Kecamatan,Jenis Hak,Jalan,Pengelola,Luas,Bujur,Lintang,Sumber_data,Bujur Desimal,Lintang Desimal,Bujur alun,Lintang alun,Jarak pusat kota,Jarak jalan utama,Tempat umum
40,Sewa,Ruko,,,HPL,,Kantor,70,111.661205,-7.548428,Sewa - Kabupaten,111.661205,7.548428,112,8,"18,269",,
82,Sewa,Ruko,NAMBANGAN LOR,MANGUHARJO,PAKAI,Jl. Agus Salim,DKK,90,"31,023","38,078",,111.51705,7.63463333333333,112,8,618,,
38,Sewa,Ruko,,,HPL,,BPKAD,100,111.658034,-7.548136,Sewa - Kabupaten,111.658034,7.548136,112,8,"17,982",,
37,Sewa,Ruko,,,HPL,,BPKAD,150,111.52578,-7.623174,Sewa - Kabupaten,111.52578,7.623174,112,8,"1,188",,
,Pakai,Ruko,MADIUN LOR,MANGUHARJO,PAKAI,Jl.Sumatra no.33,,175,"31,286","37,237",,111.521433333333,7.62061666666667,112,8,"1,071",,
9,Sewa,Kantor,,,HPL,,BPKAD,200,111.512291,-7.633486,Sewa - Kabupaten,111.512291,7.633486,112,8,698,,
2,Sewa,Kantor,,,HPL,,BUMD,200,111.495008,-7.624703,Sewa - Kabupaten,111.495008,7.624703,112,8,"2,451",,
79,Sewa,Ruko,JOSENAN,TAMAN,PAKAI,Jl. Tilampil,DKK,229,"30,952","39,189",,111.515866666667,7.65315,112,8,"2,678",,
31,Sewa,Ruko,PANDEAN,TAMAN,HGB,,,255,"31,942","38,652",Pakai PasarKota,111.532366666667,7.6442,112,8,"2,402",,
86,Pakai,Kantor,KEJURON,TAMAN,PAKAI,Jl. Kapten Saputro,Kejuron,260,"31,546","38,105",,111.525766666667,7.63508333333333,112,8,"1,192",,
80,Sewa,Ruko,MADIUN LOR,MANGUHARJO,PAKAI,Jl. Candi Sewu,DKK,270,"31,302","36,899",,111.5217,7.61498333333333,112,8,"1,658",,
,Sewa,Ruko,MADIUN LOR,MANGUHARJO,PAKAI,Jl.Pahlawan no 19,,311,"31,258","37,256",,111.520966666667,7.62093333333333,112,8,"1,016",,
56,Pakai,Ruko,KLEGEN,KARTOHARJO,PAKAI,Jl. Husni Thamrin Gg Sri Gading,Klegen,335,"31,974","37,654",,111.5329,7.62756666666667,112,8,"1,782",,
83,Sewa,Ruko,ORO ORO OMBO,KARTOHARJO,PAKAI,,DKK,366,"32,009","37,435",,111.533483333333,7.62391666666667,112,8,"1,926",,
50,Pakai,Ruko,ORO ORO OMBO,KARTOHARJO,PAKAI,Jl. Pelitatama,Oro-oro Ombo,380,"32,117","37,327",,111.535283333333,7.62211666666667,112,8,"2,179",,
85,Pakai,Kantor,MOJOREJO,TAMAN,PAKAI,Jl. Setia Budi No. 62 - 13,Mojorejo,410,"32,041","37,959",,111.534016666667,7.63265,112,8,"1,938",,
20,Pakai,Ruko,KEJURON,TAMAN,PAKAI,Jl. Jend Sudirman no.77,Dinas pasar,421,"31,444","37,885",Sewa - Kota,111.524066666667,7.63141666666667,112,8,842,,
3,Sewa,Ruko,,,HPL,,Geprek Juara,500,111.526403,-7.641749,Sewa - Kabupaten,111.526403,7.641749,112,8,"1,762",,
76,Pakai,Ruko,BANJAREJO,TAMAN,PAKAI,,UPTD TAMAN,599,"31,787","38,986",,111.529783333333,7.64976666666667,112,8,"2,709",,
93,Pakai,Kantor,DEMANGAN,TAMAN,PAKAI,Jl. Jati Siwur RT 14,Demangan,600,"31,419","39,670",,111.52365,7.66116666666667,112,8,"3,647",,
92,Pakai,Kantor,DEMANGAN,TAMAN,PAKAI,Jl.jati siwur,Demangan,710,"31,562","39,672",,111.526033333333,7.6612,112,8,"3,713",,
78,Sewa,Ruko,ORO ORO OMBO,KARTOHARJO,HPL,Jl. Diponegoro No. 34,DKK,754,"31,782","37,408",,111.5297,7.62346666666667,112,8,"1,553",,
34,Sewa,Ruko,PANDEAN,TAMAN,HPL,Jl. Musi,Pandean,865,"31,114","38,391",Pakai PasarKota,111.518566666667,7.63985,112,8,"1,213",,
16,Pakai,Pasar,MANISREJO,TAMAN,PAKAI,Jl. Tanjung Raya,Dinas Pasar,905,"32,800","38,610",Sewa - Kota,111.546666666667,7.6435,112,8,"3,661",,
21,Pakai,Pasar,MANGUHARJO,MANGUHARJO,PAKAI,Jl. Hayam Wuruk,Dinas Pasar,947,"30,560","37,723",,111.509333333333,7.62871666666667,112,8,824,,
84,Pakai,Kantor,MOJOREJO,TAMAN,PAKAI,Jl. Dr. Setia Budi,Mojorejo,997,"32,102","37,965",,111.535033333333,7.63275,112,8,"2,050",,
41,Sewa,Ruko,MOJOREJO,TAMAN,PAKAI,Jl. Mastrip - Letjen. Haryono,dinas pasar,1150,"31,958","37,972",Pakai PasarKota,111.532633333333,7.63286666666667,112,8,"1,795",,
57,Pakai,Kantor,MADIUN LOR,MANGUHARJO,PAKAI,Jl. Sumatra No. 22,Bagian perlengkapan,1192,"31,369","37,254",,111.522816666667,7.6209,112,8,"1,126",,
58,Pakai,Ruko,MADIUN LOR,MANGUHARJO,PAKAI,Jl. Sumatra No. 20,Bagian Umum,1217,"31,360","37,246",,111.522666666667,7.62076666666667,112,8,"1,128",,
23,Pakai,Pasar,MADIUN LOR,MANGUHARJO,PAKAI,Jl. Pahlawan,Dinas Pasar,1320,"31,300","37,145",,111.521666666667,7.61908333333333,112,8,"1,235",,
14,Pakai,Pasar,ORO ORO OMBO,KARTOHARJO,PAKAI,Jl. Let. Jend. S. Parman,Dinas Pasar,1380,"32,002","37,221",Sewa - Kota,111.533366666667,7.62035,112,8,"2,068",,
18,Pakai,Pasar,KANIGORO,KARTOHARJO,PAKAI,Jl.Dr.Setiabudi,Dinas pasar,1490,"32,892","38,113",Sewa - Kota,111.5482,7.63521666666667,112,8,"3,527",,
7,Pakai,Kantor,KARTOHARJO,KARTOHARJO,PAKAI,Jl. Dr. Sutomo No. 70,DPRD,1492,"31,403","37,675",Sewa - Kota,111.523383333333,7.62791666666667,112,8,737,,
33,Sewa,Ruko,PANDEAN,TAMAN,HPL,Jl. Kutai-Agus Salim,,1531,"31,042","37,877",Pakai PasarKota,111.517366666667,7.63128333333333,112,8,253,,
72,Pakai,Taman,MADIUN LOR,MANGUHARJO,PAKAI,Jl. Pahlawan,Madiun Lor,1624,"31,186","37,337",,111.519766666667,7.62228333333333,112,8,824,,
71,Pakai,Taman,MADIUN LOR,MANGUHARJO,PAKAI,Jl. Pahlawan,Madiun Lor,1700,"31,210","37,340",,111.520166666667,7.62233333333333,112,8,837,,
17,Pakai,Pasar,NAMBANGAN LOR,MANGUHARJO,PAKAI,Jl. Mayjend Sungkono,Dinas Pasar,1735,"30,751","38,274",Sewa - Kota,111.512516666667,7.6379,112,8,"1,088",,
87,Pakai,Kantor,KEJURON,TAMAN,PAKAI,Jl. Kapten Saputro,Kejuron,1867,"31,548","38,111",,111.5258,7.63518333333333,112,8,"1,202",,
70,Pakai,Taman,MADIUN LOR,MANGUHARJO,PAKAI,jl.Jawa,,1945,"31,404","37,392",,111.5234,7.6232,112,8,978,,
39,Sewa,Ruko,,,HPL,,Ruko,2000,111.515217,-7.624166,Sewa - Kabupaten,111.515217,7.624166,112,8,574,,
60,Sewa,Sawah,,,HPL,,BPKAD,2000,111.654082,-7.545293,Sewa - Kabupaten,111.654082,7.545293,112,8,"17,770",,
73,Pakai,Taman,PANGONGANGAN,MANGUHARJO,PAKAI,JALAN PAHLAWAN,ASET KOTA,2074,"31,189","37,477",,111.519816666667,7.62461666666667,112,8,598,,
6,Pakai,Kantor,KARTOHARJO,KARTOHARJO,PAKAI,Jl. Sulawesi 18,Kartoharjo,2235,"31,336","37,666",Sewa - Kota,111.522266666667,7.62776666666667,112,8,620,,
15,Pakai,Pasar,PANGONGANGAN,MANGUHARJO,PAKAI,Jl. Mayjend Sungkono,Dinas Pasar,2252,"30,775","37,828",Sewa - Kota,111.512916666667,7.63046666666667,112,8,455,,
68,Pakai,Sawah,KEJURON,TAMAN,PAKAI,Blok Sawah Koci,Mojorejo,2370,"30,312","38,194",,111.5052,7.63656666666667,112,8,"1,525",,
81,Sewa,Ruko,NAMBANGAN KIDUL,MANGUHARJO,PAKAI,Jl. Trunojoyo,DKK,2379,"31,053","38,709",,111.51755,7.64515,112,8,"1,788",,
63,Pakai,Sawah,NGEGONG,MANGUHARJO,PAKAI,Blok Sawah,Manguharjo,2630,"30,863","36,235",,111.514383333333,7.60391666666667,112,8,"2,811",,
1,Sewa,Kantor,ORO ORO OMBO,KARTOHARJO,HPL,Jl. Letjend S. Parman,Puskesmas Oro-oro Ombo,2716,"32,041","37,356",Sewa - Kota,111.534016666667,7.6226,112,8,"2,030",,
74,Sewa,Sawah,KANIGORO,KARTOHARJO,MILIK,Jl. Sri Sedono,KANIGORO,2786,"33,124","38,056",,111.552066666667,7.63426666666667,112,8,"3,929",,
45,Pakai,Ruko,ORO ORO OMBO,KARTOHARJO,PAKAI,Jl. Pelitatama,Oro-oro Ombo,3045,"32,109","37,351",,111.53515,7.62251666666667,112,8,"2,150",,
64,Pakai,Sawah,SOGATEN,MANGUHARJO,PAKAI,Blok Sawah,Sogaten,3176,"31,180","36,064",,111.519666666667,7.60106666666667,112,8,"3,131",,
61,Pakai,Sawah,PATIHAN,MANGUHARJO,PAKAI,Blok Sawah,Patihan,3220,"32,214","36,285",,111.5369,7.60475,112,8,"3,497",,
44,Pakai,Ruko,ORO ORO OMBO,KARTOHARJO,PAKAI,,Oro-oro Ombo,3565,"32,109","37,365",,111.53515,7.62275,112,8,"2,141",,
51,Pakai,Ruko,PILANGBANGO,KARTOHARJO,PAKAI,Jl. Pilang Makmur,Pilangbango,3580,"32,496","37,316",,111.5416,7.62193333333333,112,8,"2,847",,
29,Sewa,Ruko,KLEGEN,KARTOHARJO,HGB,Jl. Hercules,Bagian perlengkapan,3614,"32,404","37,865",Sewa Kota,111.540066666667,7.63108333333333,112,8,"2,574",,
35,Sewa,Ruko,MANGUHARJO,MANGUHARJO,MILIK,Blok Jatengan Kidul,Manguharjo,3720,"30,411","37,989",Pakai PasarKota,111.50685,7.63315,112,8,"1,186",,
36,Sewa,Ruko,MANGUHARJO,MANGUHARJO,MILIK,Blok Jatengan Kidul,Manguharjo,3775,"30,322","37,975",Pakai PasarKota,111.505366666667,7.63291666666667,112,8,"1,330",,
49,Pakai,Ruko,ORO ORO OMBO,KARTOHARJO,PAKAI,Jl. Pelitatama,Oro-oro Ombo,3840,"32,111","37,338",,111.535183333333,7.6223,112,8,"2,162",,
91,Pakai,Sawah,DEMANGAN,TAMAN,PAKAI,Blok Piang Semi,Demangan,3865,"30,525","40,069",,111.50875,7.66781666666667,112,8,"4,397",,
46,Pakai,Ruko,ORO ORO OMBO,KARTOHARJO,PAKAI,Jl. Pelitatama,Oro-oro Ombo,3987,"32,202","37,348",,111.5367,7.62246666666667,112,8,"2,313",,
75,Sewa,Sawah,,,HPL,,BUMD,4000,111.52828,-7.644049,Sewa - Kabupaten,111.52828,7.644049,112,8,"2,090",,
47,Pakai,Ruko,ORO ORO OMBO,KARTOHARJO,PAKAI,Jl. Pelitatama,Oro-oro Ombo,4105,"32,203","37,360",,111.536716666667,7.62266666666667,112,8,"2,308",,
48,Pakai,Ruko,ORO ORO OMBO,KARTOHARJO,PAKAI,,Oro-oro Ombo,4135,"32,204","37,371",,111.536733333333,7.62285,112,8,"2,304",,
52,Pakai,Ruko,REJOMULYO,KARTOHARJO,PAKAI,Jl. Sedana Mulyo,Rejomulyo,4865,"32,542","37,348",,111.542366666667,7.62246666666667,112,8,"2,912",,
89,Pakai,Sawah,JOSENAN,TAMAN,PAKAI,Blok Sawah Kurupati,Patihan,4905,"30,529","40,454",,111.508816666667,7.67423333333333,112,8,"5,097",,
25,Sewa,Perumahan,PANDEAN,TAMAN,HGB,,,5055,"31,836","38,651",Sewa Kota,111.5306,7.64418333333333,112,8,"2,265",,
4,Pakai,Kantor,KARTOHARJO,KARTOHARJO,PAKAI,Jl. Perintis Kemerdekaan,DPRD,5070,"31,306","37,492",Sewa - Kota,111.521766666667,7.62486666666667,112,8,721,,
53,Pakai,Ruko,REJOMULYO,KARTOHARJO,PAKAI,Jl. Sadana mulyo,Rejomulyo,5150,"32,429","37,338",,111.540483333333,7.6223,112,8,"2,717",,
19,Pakai,Pasar,NAMBANGAN KIDUL,MANGUHARJO,PAKAI,Jl. Tirta Raya,Dinas Pasar,5200,"29,980","37,924",Sewa - Kota,111.499666666667,7.63206666666667,112,8,"1,917",,
59,Sewa,Sawah,JOSENAN,TAMAN,MILIK,Sawah Blok Serandu,Josenan,5700,"30,473","40,297",,111.507883333333,7.67161666666667,112,8,"4,831",,
65,Pakai,Sawah,MANGUHARJO,MANGUHARJO,PAKAI,Blok Sawah,Manguharjo,5720,"30,204","37,264",,111.5034,7.62106666666667,112,8,"1,725",,
13,Sewa,Pasar,ORO ORO OMBO,KARTOHARJO,HPL,Jl. Letjend S. Parman,Dinas Pasar,5784,"32,137","37,314",Sewa - Kota,111.535616666667,7.6219,112,8,"2,222",,
8,Sewa,Mall,KARTOHARJO,KARTOHARJO,HPL,Jl. Pahlawan dan Kalimantan,Bagian perlengkapan,5785,"31,228","37,609",Sewa - Kota,111.520466666667,7.62681666666667,112,8,476,,
22,Pakai,Pasar,ORO ORO OMBO,KARTOHARJO,PAKAI,Jl. Diponegoro,Dinas Pasar,5872,"32,095","37,423",,111.534916666667,7.62371666666667,112,8,"2,084",,
5,Pakai,Kantor,KARTOHARJO,KARTOHARJO,PAKAI,Jl. Pahlawan 33,Bagian Umum,6025,"31,242","37,483",Sewa - Kota,111.5207,7.62471666666667,112,8,648,,
69,Pakai,Sawah,KEJURON,TAMAN,PAKAI,Blok Sawah Koci,Mojorejo,6065,"29,877","38,175",,111.49795,7.63625,112,8,"2,225",,
62,Pakai,Sawah,NGEGONG,MANGUHARJO,PAKAI,Blok Sawah,Manguharjo,6271,"31,041","36,302",,111.51735,7.60503333333333,112,8,"2,675",,
95,Pakai,Sawah,BANJAREJO,TAMAN,PAKAI,,Banjarejo,6390,"32,315","39,468",,111.538583333333,7.6578,112,8,"3,995",,
66,Pakai,Sawah,KEJURON,TAMAN,PAKAI,Blok Sawah Koci,Kejuron,6635,"30,042","38,418",,111.5007,7.6403,112,8,"2,169",,
95,Pakai,Sawah,BANJAREJO,TAMAN,PAKAI,,Banjarejo,6650,"32,281","39,342",,111.538016666667,7.6557,112,8,"3,772",,
,Pakai,Perumahan,ORO ORO OMBO,KARTOHARJO,PAKAI,,Oro-oro Ombo,7165,"31,662","36,919",,111.5277,7.61531666666667,112,8,"1,946",,
67,Pakai,Sawah,KEJURON,TAMAN,PAKAI,Blok sawah,Mojorejo,7745,"30,225","38,133",,111.50375,7.63555,112,8,"1,608",,
55,Pakai,Ruko,REJOMULYO,KARTOHARJO,PAKAI,,Rejomulyo,8740,"32,566","37,368",,111.542766666667,7.6228,112,8,"2,946",,
96,Pakai,Perumahan,ORO ORO OMBO,KARTOHARJO,PAKAI,Blok Selatan Pertamina,Oro-oro Ombo,8985,"31,631","36,915",,111.527183333333,7.61525,112,8,"1,917",,
54,Pakai,Ruko,REJOMULYO,KARTOHARJO,PAKAI,,Rejomulyo,9460,"32,448","37,324",,111.5408,7.62206666666667,112,8,"2,758",,
94,Pakai,Sawah,BANJAREJO,TAMAN,PAKAI,,Banjarejo,10390,"32,306","39,444",,111.538433333333,7.6574,112,8,"3,949",,
,Pakai,Sawah,ORO ORO OMBO,KARTOHARJO,PAKAI,Blok Utara Pertamina,Oro-oro Ombo,13155,"31,704","36,745",,111.5284,7.61241666666667,112,8,"2,251",,
12,Sewa,Pasar,KLEGEN,KARTOHARJO,HPL,Jl. Imam Bonjol Slamet Riadi,Dinas pasar,14060,"32,258","37,541",Sewa - Kota,111.537633333333,7.62568333333333,112,8,"2,327",,
43,Pakai,Ruko,ORO ORO OMBO,KARTOHARJO,PAKAI,Jl. Let. Jend. S. Parman,Kecamatan Kartoharjo,14610,"32,042","37,347",,111.534033333333,7.62245,112,8,"2,037",,
11,Sewa,Pasar,KEJURON,TAMAN,HPL,Jl. Jend Sudirman,Dinas Pasar,15710,"31,278","37,882",Sewa - Kota,111.5213,7.63136666666667,112,8,557,,
28,Sewa,Perumahan,KELUN,KARTOHARJO,HGB,JL SRI SEDONO DAN JALAN SRI SEDANI,PERUMAHAN,16590,"33,315","36,214",Sewa Kota,111.55525,7.60356666666667,112,8,"5,100",,
88,Pakai,Taman,KEJURON,TAMAN,PAKAI,Jl. Kapten Saputro,Kejuron,17033,"31,608","38,061",,111.5268,7.63435,112,8,"1,248",,
,Pakai,Sawah,SUKOSARI,KARTOHARJO,PAKAI,,Sukosari,17770,"32,019","36,721",,111.53365,7.61201666666667,112,8,"2,655",,
,Pakai,Sawah,SUKOSARI,KARTOHARJO,PAKAI,,Sukosari,18110,"31,977","36,711",,111.53295,7.61185,112,8,"2,615",,
,Pakai,Sawah,SUKOSARI,KARTOHARJO,PAKAI,,Sukosari,18340,"31,979","36,807",,111.532983333333,7.61345,112,8,"2,491",,
24,Sewa,Perumahan,PANDEAN,TAMAN,HGB,JALAN SALAK,,27024,"31,910","38,653",Sewa Kota,111.531833333333,7.64421666666667,112,8,"2,362",,
90,Pakai,Sawah,JOSENAN,TAMAN,PAKAI,,Namb. Lor,45000,"30,430","40,104",,111.507166666667,7.6684,112,8,"4,499",,
32,Sewa,Mall,ORO ORO OMBO,KARTOHARJO,HPL,Jl. Pelita Tama,DKK,55157,"32,148","37,365",Pakai PasarKota,111.5358,7.62275,112,8,"2,209",,
27,Sewa,Perumahan,KELUN,KARTOHARJO,HGB,JL SRI SEDONO DAN JALAN SRI SEDANI,PERUMAHAN,57945,"33,257","36,147",Sewa Kota,111.554283333333,7.60245,112,8,"5,083",,
26,Sewa,Perumahan,KLEGEN,KARTOHARJO,HGB,JL SLAMET RIYADI DAN JL SETIABUDI,AURI,87580,"32,380","37,898",Sewa Kota,111.539666666667,7.63163333333333,112,8,"2,536",,
30,Sewa,Ruko,KLEGEN,KARTOHARJO,HGB,Jl. Dr. setia Budi - Slamet Riadi,Bagian perlengkapan,87580,"32,516","38,002",,111.541933333333,7.63336666666667,112,8,"2,811",,
42,Pakai,Sawah,DEMANGAN,TAMAN,PAKAI,Jalan mangkuprajan gang VI,Demangan,4500,"31,454","39,140",Pakai Sawah,111.524233333333,7.65233333333333,112,8,"2,712",,
